,TREFHT_global,TREFHT_RMS,TREFHT_RMS_std,TREFHT_mod,TREFHT_exa,TREFHTMX_global,TREFHTMX_RMS,TREFHTMX_RMS_std,TREFHTMX_mod,TREFHTMX_exa,P-E_global,P-E_RMS,P-E_RMS_std,P-E_mod,P-E_exa,PRECTMX_global,PRECTMX_RMS,PRECTMX_RMS_std,PRECTMX_mod,PRECTMX_exa,PRECT_global,PRECT_RMS,PRECT_RMS_std,PRECT_mod,PRECT_exa
0.0,5.072412429086738,5.57914063648086,7.404907391811351,0.0,0.0,4.354373414597716,4.60935085855064,7.059204548915013,0.0,0.0,0.03931757902290125,0.5738914978666094,1.4005200762916454,0.0,0.0,33.38811322503429,43.35012980798548,1.2843545793698332,0.0,0.0,0.2951820812380493,0.5927962161371338,2.3618280729149834,0.0,0.0
0.01,5.021879242575563,5.521163938579073,7.329067304591513,0.0,0.0,4.3097638461511245,4.56345569983119,6.988565478296643,0.0,0.0,0.03894553861822039,0.5687841755320187,1.3877038295938147,0.0,0.0,33.00444684489012,42.87753254964751,1.2709103139079676,0.0,0.0,0.2914519053289039,0.5873377978818155,2.3383687425934627,0.0,0.0
0.02,4.971346054181708,5.463195089741124,7.253235944970833,0.0,0.0,4.265154281413299,4.517575703427709,6.917930890437259,0.0,0.0,0.038573498705414745,0.563688724244698,1.3749063132823445,0.0,0.0,32.62078047724531,42.40522248090338,1.2574702885957032,0.0,0.0,0.2877217311572842,0.5818916242644847,2.3149182561015422,0.0,0.0
0.03,4.920812870547122,5.405234333329159,7.177413538434109,0.045439565081834714,0.0,4.220544720308627,4.471711358693791,6.84730098529478,0.006314032802474755,0.0,0.03820145807297871,0.5586054688492289,1.3621280375845013,0.0,0.0,32.23711408371395,41.933209181915444,1.2440346455673732,0.0,0.0,0.28399155459246495,0.5764580349248779,2.2914768501901333,0.0,0.0
0.04,4.870279683099508,5.3472819292938505,7.101600375448071,0.343474915265414,0.0,4.175935142502416,4.425863125182704,6.776675846052041,0.10962521575092585,0.0,0.037829418525482994,0.5535347453422514,1.3493695632689353,0.0,0.0,31.853447681954783,41.46150281580564,1.2306035235443233,0.0,0.0,0.2802613795641926,0.571037391471242,2.268044831284986,0.0,0.0
0.05,4.819746493140174,5.289338149248102,7.025796789910074,0.605161260569614,0.0,4.131325573892301,4.380031537970697,6.7060557047199545,0.22737917848553868,0.0,0.03745737807450864,0.5484769026215,1.3366314526712106,0.00010737478297115764,0.0,31.469781338390504,40.99011421003382,1.2171770766570227,0.0,0.0,0.27653120451481844,0.5656300622905771,2.24462248299575,0.0,0.0
0.06,4.769213307117191,5.2314033001793225,6.950003100562589,0.8076050481289282,0.0,4.086716003228255,4.334217107735597,6.635440644753523,0.33036794195947466,0.0,0.037085337970297026,0.5434322978777583,1.3239142954194363,0.0009193494922416082,0.0,31.08611500126859,40.519054204336726,1.2037554587195214,0.0,0.0,0.2728010290681039,0.5602364351657766,2.2212101169319936,0.0,0.0
0.07,4.718680120382055,5.173477657573717,6.87421959029973,0.9149887264118389,0.0,4.042106431757585,4.288420396310269,6.5648308695684685,0.4859150862859352,0.0,0.036713297429644735,0.5384013057422693,1.3112186916077662,0.002495021792279245,0.0,30.702448601406328,40.04833442419983,1.1903388334209846,0.0,0.0,0.26907085326069086,0.5548569131070736,2.1978080362775927,0.009901865098988277,0.0
0.08,4.668146932727225,5.11556155079198,6.7984466204920455,0.969912222366356,0.0,3.997496879544574,4.242641965962275,6.494226539871826,0.5987218508601256,0.0,0.03634125775033916,0.5333843102472396,1.2985452895308394,0.005585679848742028,0.0,30.318782267832038,39.57796704756572,1.1769273760000647,0.0,0.0,0.265340678172981,0.549491907238617,2.1744166054674734,0.05476150135942434,0.0
0.09,4.617613723068702,5.057655268952593,6.722684544932011,0.9878794995277326,0.0,3.952887291229072,4.196882405535098,6.423627813874872,0.7237868139656843,0.0,0.03596921673578489,0.5283817033592256,1.2858947254325863,0.014286495329527252,0.0,29.935115663066536,39.10796457761819,1.1635212461824354,0.0,0.0,0.2616105007797015,0.5441418427494935,2.151036131180882,0.0701072926888265,0.0
0.1,4.567080552494956,4.999759232491256,6.646933771797487,0.9963565452802003,0.0,3.908277737941981,4.151142381073269,6.3530349635474055,0.8275412524438724,0.0,0.035597177297762385,0.523393913686894,1.2732677054242905,0.025306941840600165,0.0,29.55144940582418,38.6383408947976,1.150120661738616,0.0,0.0,0.2578803268953588,0.538807174490994,2.127667021809661,0.09708480082658401,0.0
0.11,4.516547372473013,4.941873753650486,6.571194658294373,0.999364656664733,0.0,3.863668174268118,4.105422493470061,6.282448091580753,0.8971242566774774,0.0,0.03522513735030292,0.518421357743631,1.26066491905759,0.052343272999116015,0.0,29.16778304527282,38.169109618195044,1.1367258002502805,0.0,0.0,0.25415015078595715,0.5334883571184709,2.1043096083105475,0.12962546825661828,0.0
0.12,4.466014192783394,4.883999191834947,6.495467592994117,0.9999684651200847,0.0,3.819058616690922,4.059723464336999,6.211867455897419,0.9344556063460611,0.0,0.034853096778411155,0.5134644784758676,1.2480871002497562,0.0727704654861453,0.0,28.784116844729773,37.70028555480068,1.1233368684645824,0.0,0.0,0.2504199765123652,0.5281858746404283,2.080964319918704,0.1740350188039118,0.0
0.13,4.415481015845733,4.8261359806662005,6.4197530811224075,0.9999684651200847,0.0,3.774449057972949,4.014045991053586,6.14129324470216,0.9579066914686294,0.0,0.03448105678396347,0.5085237331499489,1.2355350162108163,0.09099228787839062,0.0,28.40045046592522,37.23188361917527,1.1099540775388639,0.00035732539410442696,0.0,0.24668980234184576,0.5229002173357792,2.057631547431295,0.2128968261678789,0.0
0.14,4.364947803484198,4.768284448371067,6.344051420246484,0.9999751504854091,0.0,3.7298394679486986,3.968390765192506,6.0707256073073195,0.9680447043557356,0.0,0.034109016150679364,0.5035996012021142,1.2230094601773176,0.11272525893757102,0.0,28.016783892200728,36.76392016418785,1.0965776479036013,0.000637545113742673,0.0,0.24295962546350064,0.5176319009967524,2.034311713338392,0.2487629298349701,0.0
0.15,4.314414580143359,4.7104451008103165,6.268363182189041,0.9999752244154594,0.0,3.6852298636960117,3.9227586200460567,6.000164869608438,0.9755999328757312,0.0,0.0337369759626862,0.49869256955763813,1.210511239350106,0.13534144434555354,0.0,27.633117281560697,36.29641217406652,1.0832078206242437,0.0014189254525554026,0.0,0.23922944735117427,0.5123814634113548,2.0110052963074887,0.27961610796905473,0.0
0.16,4.2638814508438125,4.65261846763583,6.1926889635773055,0.9999806777305439,0.0,3.640620346282599,3.8771504439052324,5.929611418121802,0.9813828093468906,0.0,0.033364936006396444,0.4938031588948708,1.19804125889026,0.16013072548022106,0.0,27.249451286102033,35.829378399227195,1.0698448706672519,0.005225618030885511,0.0,0.23549927719890326,0.5071494728141458,1.9877127867849471,0.3058145943736623,5.525924898860067e-05
0.17,4.213348237303171,4.5948048351994,6.117029045209832,0.9999971471065388,0.0,3.59601075751202,3.8315669449398384,5.8590652360824,0.984392832978359,0.0,0.032992895807327456,0.488931883864104,1.1856003432583901,0.18221734271329218,0.0,26.865784724819292,35.36283597537073,1.0564890112996854,0.012138663847915435,0.0,0.2317690980007941,0.5019364765173747,1.964434607366206,0.33190360817239306,6.73023720638804e-05
0.18,4.16281501965674,4.537004827445468,6.0413841256475065,1.0,0.0,3.551401160934822,3.786009058380866,5.788526672932257,0.9875961533001526,0.0,0.032620855507811304,0.4840792983690214,1.1731894563312149,0.20575512076301214,0.0,26.48211810259919,34.896805287155836,1.0431405347061333,0.025019614096437704,0.0,0.2280389211276358,0.4967430950913828,1.9411713155965653,0.35609953765011465,8.705360112781778e-05
0.19,4.112281880030905,4.479219016425272,5.965754801475427,1.0,0.0,3.5067916394786423,3.7404778442237108,5.717996214482105,0.9890142197945441,0.0,0.03224881539679206,0.4792459797154518,1.1608095738594715,0.22875520599271493,0.00012058844697464434,26.098452076138642,34.43130816937403,1.0297997539068369,0.04816495439914172,0.0,0.22430874812490995,0.4915699527294102,1.9179234879874814,0.3775692488921478,8.705360112781778e-05
0.2,4.061748670809732,4.421447822990568,5.89014154969477,1.0,0.0,3.4621820554006226,3.6949741118215846,5.647473858999189,0.9911376416030312,0.0,0.03187677560047057,0.4744324926785039,1.1484616490153297,0.24866273476512965,0.00012058844697464434,25.714785626071293,33.96636508945031,1.016466932422435,0.08224314505540431,0.0,0.22057857264738306,0.48641767721806267,1.8946916325346095,0.39948792316225246,0.00014089775710123266
0.21,4.01121552883669,4.363691970538796,5.814545128909157,1.0,0.0,3.417572517405142,3.6494990100663203,5.576960188709905,0.9930785865066607,0.0,0.03150473455326216,0.46963947337569906,1.1361467821169642,0.269460125020272,0.00014262700478033695,25.33111950897461,33.50200000534249,1.003142415701564,0.11733420115491562,0.0,0.21684840033188524,0.4812869573336407,1.8714763874545488,0.41916846478396763,0.00019299856614693353
0.22,3.960682308506651,4.305951904723224,5.738966010708474,1.0,0.0,3.3729629291743852,3.604053538466157,5.506455319133515,0.9943355985359174,0.0,0.031132694585904605,0.46486753548392673,1.1238660048164981,0.28897724116166346,0.000211310893214206,24.947452937070075,33.03823640986352,0.9898265127124113,0.15781657383666714,0.0,0.21311822179623383,0.4761784688774619,1.8482783292745881,0.4373895794721404,0.00037495120530025444
0.23,3.9101490922833326,4.24822837946808,5.663405030367675,1.0,0.0,3.328353334256829,3.558638853342941,5.435959648983327,0.9957344567059411,0.0,0.030760654504075998,0.46011734207123883,1.11162048110068,0.30717394669992765,0.00035574638741944667,24.563786329977187,32.57510049307154,0.9765195883714434,0.20157894608155266,0.0,0.20938804430287247,0.47109295342600976,1.8250981476755688,0.4530929690642417,0.000639299252885542
0.24,3.8596159661881404,4.190522161593193,5.587863047660207,1.0,0.0,3.2837438171603357,3.5132562450423577,5.36547367163456,0.9964980549533244,0.0,0.03038861497327607,0.45538958248079076,1.0994114025094297,0.3255461219911384,0.00035574638741944667,24.180120315039133,32.11262019820973,0.9632220365143397,0.2405932398498141,0.0,0.20565787337470154,0.4660311601539962,1.8019365651266595,0.46759799833337495,0.0008453751025704408
0.25,3.809082746357005,4.132833787233184,5.51234054451243,1.0,0.0,3.2391342234064178,3.46790682625026,5.294997591640604,0.9972272237274685,0.0,0.030016574061070563,0.45068494594128644,1.0872399452853536,0.3434442813098406,0.0004717121032410732,23.796453713902338,31.65082274244237,0.9499342126345628,0.28678542707591437,0.0,0.20192769580642173,0.4609938581423284,1.7787942393827356,0.48171410070266407,0.0008946844203248556
0.26,3.7585496022590106,4.075164179100331,5.436838596036346,1.0,0.0,3.1945246972044488,3.422592044666625,5.224531996924348,0.9979115190025923,0.0,0.029644534923780434,0.4460041805595013,1.075107442917865,0.35890312086701215,0.0005592557716154587,23.41278772632219,31.189740068396244,0.936656569319394,0.32910528955032053,0.0,0.1981975228326915,0.45598188009226753,1.755672003439768,0.49746156284682574,0.0013065128910670647
0.27,3.708016314589632,4.017513910551082,5.361357775021538,1.0,0.0,3.1499150361796655,3.377313102600912,5.154076990678849,0.9984596782878482,0.0,0.02927249405988405,0.44134802128250333,1.063015163796932,0.3733240128970682,0.000814825519921436,23.029120562872475,30.729402165825817,0.9233894860837258,0.3664413456054134,0.0,0.19446733991553458,0.45099603870143384,1.7325705531856526,0.5121880648913746,0.0017178684512866515
0.28,3.6574831777552554,3.9598841699926917,5.285899384825471,1.0,0.0,3.1053055179604034,3.33207172985694,5.083633464162607,0.9987948426195659,0.0,0.028900453778922953,0.4367172861914532,1.0509645724121572,0.38712114768546296,0.001244203932705428,22.645454522739385,30.269845421644504,0.9101335011025832,0.3988480742485617,0.0,0.19073716729117626,0.4460372475998445,1.7094908682835632,0.5253872425054086,0.0018890705064265087
0.29,3.606950032712706,3.902275668512752,5.210464159408795,1.0,0.0,3.0606959934652522,3.2868693529394055,5.013201666880784,0.9991769861527461,0.0,0.0285284137352354,0.4321127796667461,1.0389570830286174,0.4004660140296933,0.0018589230494598938,22.261788581449103,29.811105307473458,0.8968890720341713,0.4267083480492373,0.0,0.18700699640880214,0.4411063979801861,1.6864337741580595,0.5363339527622328,0.0021574168344163196
0.3,3.556416732465177,3.844689205100066,5.135052937160381,1.0,0.0,3.016086319861294,3.241707435208429,4.942781871302482,0.9996740006403957,0.0,0.028156372795048085,0.4275353328461005,1.0269941777815514,0.41318737268355465,0.0021616710670903177,21.878121315850517,29.353218024574957,0.8836566737864677,0.4538164365380001,0.0,0.18327681265889142,0.4362044330671492,1.6634001454401866,0.547243839570187,0.002319610661966149
0.31,3.5058836154071527,3.787126168223545,5.0596673132966,1.0,0.0,2.9714768049395293,3.1965880023512456,4.872375082487144,0.9996740006403957,0.0,0.027784333150924916,0.422985852421554,1.0150774934389697,0.4258251401870944,0.0025365157842086226,21.49445536337222,28.896227469051713,0.8704369449232261,0.4793256023784116,0.0,0.17954664112573565,0.43133235437452017,1.6403911075156652,0.5589504081506304,0.002531314315953665
0.32,3.455350474248589,3.7295873994237434,4.984308049666619,1.0,0.0,2.9268672790472183,3.151512727704497,4.801981596761466,1.0,0.0,0.02741229275766853,0.41846523581975215,1.0032086420572424,0.4378761746061857,0.002957754853506592,21.110789377987814,28.44017504053181,0.8572304162430451,0.5024659822959049,0.0,0.17581646953745575,0.4264911786953771,1.6174076351829365,0.5706414274972244,0.002738945466463712
0.33,3.404817176849453,3.672073902051767,4.908976238843194,1.0,0.0,2.8822576247759635,3.1064833808599577,4.731601847277731,1.0,0.0,0.027040252503162956,0.4139744173637503,0.9913893164890804,0.4505115869425497,0.003178509223830053,20.72712216099058,27.985105397711425,0.8440376801077396,0.5244973442356528,0.0,0.17208628684185076,0.42168195610889164,1.5944507725584063,0.5813578503913714,0.002909509862080485
0.34,3.3542840410646244,3.6145872289758505,4.833673625877068,1.0,0.0,2.8376481007927676,3.0615022835924917,4.661236850681868,1.0,0.0,0.02666821306707013,0.40951440368394443,0.9796213757179105,0.46395385635392494,0.003775224454502198,20.34345620815067,27.531070016583023,0.8308594659905061,0.5446276195772168,0.0,0.16835611505109038,0.4169058183835058,1.5715218235029953,0.5938466401522137,0.0035602622030563524
0.35,3.303750888950952,3.5571284936659655,4.758401288683322,1.0,0.0,2.7930385528453967,3.01657141711752,4.59088703207546,1.0,0.0,0.026296172751372617,0.4050861982980288,0.9679066502854975,0.4757291926195378,0.004596623051880064,19.959790139211396,27.078119445807427,0.8176964368463555,0.5605233223884317,0.0,0.16462594124945693,0.41216389750931903,1.5486219460449921,0.6038160331263853,0.003939718580312949
0.36,3.2532176122433576,3.499698935719491,4.683160567233218,1.0,0.0,2.7484289163816946,2.971692996580846,4.520552993666817,1.0,0.0,0.025924131718233878,0.4006908407466633,0.9562470712340754,0.4881461211469956,0.005219992399464616,19.57612300735565,26.626307835358535,0.8045493015518952,0.5776321322914525,0.0,0.16089575979503112,0.40745738261595427,1.5257524032816152,0.6143516036256417,0.004372295879445201
0.37,3.202684472878304,3.442300322112697,4.607953419499145,1.0,0.0,2.7038193908757107,2.9268696591540806,4.4502358535512645,1.0,0.0,0.025552091729901184,0.3963294546657306,0.9446447524674797,0.49936080554612366,0.005524203369732503,19.192457011616213,26.175697078275533,0.7914189342833111,0.5918070433342835,0.0,0.15716558774267456,0.40278754119071536,1.50291469536718,0.6228947538866842,0.005142607206332759
0.38,3.1521513276293516,3.38493406389257,4.532781268148074,1.0,0.0,2.6592098607203103,2.882103823279674,4.379936156963072,1.0,0.0,0.02518005238526715,0.39200315806616753,0.9331017811062892,0.5087108766095145,0.00643089816794487,18.808790966982063,25.72634829052611,0.7783061344797797,0.6084943246099029,0.0,0.1534354166677555,0.3981556472195862,1.4801102347359614,0.6299613819993664,0.0056864576134972155
0.39,3.1016181982226225,3.32760184654854,4.457645922125084,1.0,0.0,2.614600334649028,2.8373982409528797,4.30965482194614,1.0,0.0,0.024808011859852555,0.38771312544620845,0.9216203966676547,0.5203737653153685,0.006928574269654163,18.425124953226725,25.278329337350208,0.7652118126541617,0.6252996716288356,0.0,0.14970524397396281,0.3935630347598144,1.457340589721313,0.6380938133328078,0.006199099911953988
0.4,3.051084912501344,3.2703052759631213,4.382549022254503,1.0,0.0,2.5699906940135415,2.792755665925644,4.239392544438636,1.0,0.0,0.02443597125178641,0.3834605628704475,0.9102029028288091,0.5304475214611247,0.007381393322348145,18.041457923433022,24.831710692229844,0.7521368915179902,0.6387416445349745,0.0,0.14597506310382355,0.389011095000881,1.4346073485062298,0.643813822897326,0.00642640637249269
0.41,3.000551761347448,3.21304660340306,4.307493008216785,1.0,0.0,2.525381156049442,2.74817943400964,4.169150723012243,1.0,0.0,0.024063931725015263,0.37924675232118843,0.8988517809401069,0.5394096658794509,0.008267036726689776,17.65779179025518,24.386571896254896,0.7390824796110128,0.6521597090955414,0.0,0.142244890101075,0.38450128958987645,1.4119123783236707,0.6507143483711874,0.0068687564787568555
0.42,2.9500186205972847,3.155827718160705,4.232479852220857,1.0,0.0,2.4807716309318018,2.7036726926254184,4.098930150365627,1.0,0.0,0.02369189095383176,0.3750729909976565,0.8875695602313975,0.5461146146561396,0.009304264430733563,17.274125778549838,23.94299420379284,0.726049643928679,0.6636093901866151,0.0,0.13851471768888235,0.3800351058053484,1.3892575253020174,0.6552134673628695,0.007320793036975103
0.43,2.899485334707076,3.098650668454214,4.1575116846509035,1.0,0.0,2.436161971026671,2.659238787429031,4.028731747957078,1.0,0.0,0.023319850870534987,0.3709406153129558,0.8763588669349744,0.5535604950488189,0.00987271566819984,16.89045862882178,23.501064581373694,0.7130395290488917,0.6747435300485227,0.0,0.13478453456411765,0.37561409157201814,1.3666446998714823,0.6600907522213425,0.007851857765908736
0.44,2.848952198402945,3.0415181501633595,4.082591401065513,1.0,0.0,2.3915524491429117,2.6148817222098057,3.958557149904472,1.0,0.0,0.022947810950246412,0.36685105302565796,0.8652225478437858,0.558156555040644,0.010856932253526177,16.506792667591533,23.060880735909567,0.7000534824940209,0.6852767285900174,0.0,0.1310543627106104,0.3712398840578948,1.3440761608487828,0.6637757394601833,0.008421218268561619
0.45,2.7984190435594165,2.984432531838588,4.007721433398894,1.0,0.0,2.3469429087162657,2.570605312948693,3.8884074011009724,1.0,0.0,0.022575771212996726,0.36280573561107177,0.8541634704097062,0.5661521335447056,0.012193706992464796,16.123126556681004,22.62254290695781,0.6870928267440841,0.6961821113920216,0.0,0.12732418984169666,0.36691414063892713,1.321554106053547,0.6675302517314009,0.008879354545582752
0.46,2.747885764740938,2.927396411483599,3.9329045077286047,1.0,0.0,2.302333259784299,2.5264136925297964,3.818283666976198,1.0,0.0,0.02220373053580688,0.3588061493222069,0.8431846528413854,0.5723886818726235,0.013463617778734923,15.739459420161184,22.186159345689227,0.6741589855680602,0.7055357934221156,0.0,0.12359400759454624,0.36263858832939483,1.2990808861483294,0.6695735161777354,0.00971736968981255
0.47,2.697352631096194,2.870413074334637,3.858144123034732,1.0,0.0,2.257723741681283,2.4823116482323746,3.748187841418659,1.0,0.0,0.021831690305930147,0.3548538665167289,0.832289329563975,0.5781036462082062,0.014263012459187758,15.355793457455214,21.751850402847946,0.6612536153333513,0.7131833493915444,0.0,0.11986383602733408,0.3584150445199618,1.2766592196285567,0.671467470544592,0.010142334479972625
0.48,2.646819490138871,2.8134855468710853,3.78344334510953,1.0,0.0,2.2131142123327776,2.4383038835562783,3.6781212670650145,1.0,0.0,0.021459650185739993,0.3509504671771285,0.8214807956971388,0.5817976023741428,0.01557239588209819,14.972127366211318,21.319741261013363,0.6483783723960918,0.72120090227636,0.0,0.11613366375102788,0.3542453620854598,1.2542918075208933,0.6739482059440227,0.010863060842141488
0.49,2.5962861998418942,2.756617126040171,3.7088056352885466,1.0,0.0,2.168504554999975,2.3943955015543685,3.608085482952067,1.0,0.0,0.021087609537151716,0.3470975936463895,0.8107624812335319,0.5855900345704931,0.016608014841471636,14.588460287241679,20.889967405695938,0.6355350538669968,0.7293230955145815,0.0,0.11240348057653128,0.350131448421643,1.2319815196323314,0.6764317975857442,0.011529750199892537
0.5,2.545753060916085,2.699811867760237,3.6342352778581675,1.0,0.0,2.123895029829957,2.3505923244733453,3.5380827102259147,1.0,0.0,0.020715570205719423,0.34329697254080116,0.8001380810960597,0.5890126748193619,0.017720014753916814,14.20479421750021,20.462678498805943,0.6227257077266827,0.7356620704538882,1.83445912563019e-05,0.1086733085799061,0.3460753154293973,1.2097316693445963,0.6772378887100361,0.012380796122817013
0.51,2.4952199171372946,2.643073691686052,3.559736272889268,1.0,0.0,2.079285505693729,2.306900198906559,3.468114782327336,1.0,0.0,0.020343529719436232,0.3395503395607751,0.789611349928999,0.5932854732376619,0.01913611271043645,13.821128215011454,20.038032204478082,0.6099524384806172,0.7422620864773936,0.00011300097718858893,0.10494313686480855,0.3420790089200828,1.1875455748552912,0.6784847601777703,0.013241309635908569
0.52,2.4446867813354918,2.586407024975018,3.4853132678124594,1.0,0.0,2.034675978566268,2.263325568976961,3.3981837963828943,1.0,0.0,0.019971489907146138,0.335859506768383,0.7791862554229805,0.5969560580680369,0.020542289707349632,13.437462224581923,19.616200002424073,0.5972175577540245,0.7473248485575104,0.00019835462671519987,0.10121296472337005,0.3381446544528821,1.1654268871647393,0.6804291852300225,0.01450258344254678
0.53,2.3941536415411293,2.5298166460275007,3.4109711617260636,1.0,0.0,1.9900664548963487,2.219875336422672,3.328292097800435,1.0,0.0,0.019599450175842015,0.33222633270501073,0.7688669304912571,0.5996668026877269,0.022697431959056193,13.05379620569131,19.19736756446566,0.5845235763727119,0.7535384363909693,0.00033769565881042424,0.09748279214236155,0.33427443254834877,1.143379505172261,0.6818322523963061,0.015542106411250523
0.54,2.3436202011901885,2.473307470220938,3.3367149445140023,1.0,0.0,1.9454566597994916,2.176556693680491,3.258441790808495,1.0,0.0,0.019227407740788426,0.32865270967079074,0.7586576254895699,0.6024139837377755,0.02442267006369793,12.670127914033372,18.781733043809634,0.5718731439285656,0.759791589623878,0.00034037221605297014,0.09375259798637303,0.3304705776096028,1.121407510444495,0.6829207947224204,0.017073700964881238
0.55,2.293087072232626,2.416885885394263,3.2625514324309575,1.0,0.0,1.9008471462988499,2.133378230081524,3.1886365022386203,1.0,0.0,0.01885536775855553,0.32514064192201636,0.7485629641308638,0.6048132294474771,0.025521649990230964,12.286461935934385,18.369518692173767,0.5592693701917654,0.764885417354911,0.00034037221605297014,0.09002242696246915,0.32673545106434826,1.099515693240174,0.6836826791756725,0.017878057704801484
0.56,2.2425539150932408,2.360557782913885,3.1884865110575724,1.0,0.0,1.8562376051863623,2.0903483001831313,3.1188787354123666,1.0,0.0,0.01848332813385716,0.32169212525282254,0.7385875772304418,0.6089554461735023,0.026342991378580233,11.902795848648362,17.96095721761993,0.5467153983670197,0.770499405635626,0.00034037221605297014,0.0862922543647441,0.3230714159711148,1.0777088004935145,0.6840054328962314,0.01879467500083212
0.57,2.1920207848268913,2.3043300839148606,3.1145273500769757,1.0,0.0,1.8116280893924808,2.0474763159915406,3.0491718176567173,1.0,0.0,0.018111288364405908,0.3183092240675797,0.7287363859615126,0.6113698198494979,0.02781506988555706,11.519129863307288,17.556303696344695,0.5342147440422353,0.7749992612586007,0.0005026740950858389,0.0825620828831503,0.3194809135497867,1.055992092783927,0.6846750905614456,0.02001712386811792
0.58,2.141487644202222,2.2482102574504323,3.0406815717510245,1.0,0.0,1.7670185518452015,2.0047723734339455,2.9795192610943975,1.0,0.0,0.017739249169182927,0.3149940499710329,0.7190144721116256,0.6129756494962101,0.029112515313517516,11.135463813449201,17.155834652196617,0.5217712360787057,0.7793570274046495,0.0006217077644567895,0.07883191031869569,0.3159664587500143,1.0343712473746707,0.6864839729158262,0.021138018539308218
0.59,2.090954510273312,2.192206623482902,2.9669576852729698,1.0,0.0,1.722409035591289,1.9622474723415921,2.909925044245896,1.0,0.0,0.017367208723600834,0.31174877108548166,0.7094271693555515,0.6147559648137769,0.03059232169394524,10.75179781702336,16.75984998182029,0.509389064386932,0.7826657142044748,0.0006217077644567895,0.07510173843799857,0.31253060746035705,1.0128524034398056,0.6866009410419784,0.022945940733494232
0.6,2.040421086415204,2.1363279815300977,2.893364590949499,1.0,0.0,1.6777992587988402,1.9199132489210813,2.8403929628335502,1.0,0.0,0.0169951664721846,0.30857556568751227,0.699979932081975,0.616345952266049,0.031172567073085383,10.368129568299281,16.36867313579606,0.49707274285313024,0.7859867296540202,0.0007940903263775491,0.07137154465592249,0.3091759662067249,0.9914420814252447,0.6872655521579316,0.02461025344252684
0.61,1.989887924830238,2.080585070349275,2.819913325065236,1.0,0.0,1.6331897195339966,1.8777830997783607,2.7709285828680277,1.0,0.0,0.016623127398164527,0.3054767252192023,0.690678638974521,0.6173932047337286,0.03216653314614444,9.984463547837477,15.982661504598216,0.4848274337896248,0.7892580973730979,0.0008858665567542803,0.0676413730553999,0.305905249003243,0.9701477288479505,0.6873630686392016,0.0270761708524642
0.62,1.9393547946602436,2.0249887838256115,2.746614949708192,1.0,0.0,1.5885801998469806,1.8358708356111564,2.7015366900889735,1.0,0.0,0.01625108697321627,0.30245451109541077,0.6815292058686341,0.6185489990183346,0.03347718539494584,9.600797493990173,15.602196280030554,0.4726585831621987,0.7909387446774732,0.0009786283305804504,0.06391120053512053,0.30272114654099486,0.9489770125192871,0.6881717442198375,0.02909217371792175
0.63,1.8888216503724384,1.969551496157197,2.673481931615809,1.0,0.0,1.5439706659960322,1.7941917027542953,2.6322230030977583,1.0,0.0,0.015879047595459033,0.2995112423128569,0.6725378126081033,0.6205241727406068,0.035297826849014134,9.217131474791442,15.227693062036957,0.4605722513249188,0.7936629454142857,0.0009786283305804504,0.06018103003826916,0.29962643298040054,0.9279383982514338,0.6879993878856943,0.030614542120923835
0.64,1.8382885052977203,1.9142870373146113,2.600528264059469,1.0,0.0,1.4993611379678078,1.7527623532118755,2.562993897088696,1.0,0.0,0.01550700738162575,0.2966492752157521,0.6637109124008632,0.6226780073806385,0.03691092724427862,8.83346549263305,14.859602744537714,0.4485751070263527,0.795671597442655,0.0009786283305804504,0.05645085718190454,0.29662389791856864,0.9070410650133093,0.6885919360442242,0.03223381487780424
0.65,1.7877553788173195,1.8592108401550163,2.527769480770511,1.0,0.0,1.4547516355768457,1.7116009242087245,2.4938564054663734,1.0,0.0,0.015134967495838878,0.2938709758335925,0.6550551286314292,0.6234763627455694,0.03806846915966769,8.449799531265647,14.498413755731276,0.4366745018844023,0.7969814980276185,0.0011711290539021147,0.052720686813085275,0.293716367475846,0.8862950307652433,0.6887208074577407,0.03401093179308067
0.66,1.737221930463891,1.8043397839370805,2.4552224280954067,1.0,0.0,1.4101418273362525,1.6707269451071165,2.4248178924187758,1.0,0.0,0.014762925191847265,0.29117873291113416,0.6465772979690472,0.6235152095215643,0.03933436467625448,8.066131161201248,14.144652431009462,0.4248784730082129,0.7982815707362843,0.0011711290539021147,0.04899049168681912,0.29090667357064975,0.8657110209199598,0.6890860605200073,0.0354473099407023
0.67,1.6866887927306442,1.7496938665218258,2.3829074064574125,1.0,0.0,1.3655322991358263,1.6301625693066348,2.355888004333465,1.0,0.0,0.014390885468185417,0.28857498041564444,0.6382846068871678,0.623893377448679,0.04092826624389717,7.682465146148127,13.798894783600181,0.4131961332589982,0.8007602300117596,0.0014394441516635131,0.045260319561371574,0.28819771940521516,0.8453011530232204,0.6899702837284278,0.036827748661250895
0.68,1.6361556504668644,1.6952945106632282,2.3108456963676747,1.0,0.0,1.3209227741230538,1.5899312248296358,2.287076081303215,1.0,0.0,0.014018845817400915,0.2860621200189212,0.6301843128215159,0.6249002748758191,0.042781855258513295,7.298799072782122,13.46175508762127,0.4016373184935807,0.8024620725051691,0.0014394441516635131,0.0415301476807962,0.2855923490369624,0.8250782071308769,0.6889629769058931,0.03854936620189703
0.69,1.585622508551157,1.6411662148013633,2.23906175401459,1.0,0.0,1.2763132543265618,1.5500588579472625,2.2183930863920076,1.0,0.0,0.013646806306365758,0.2836425676336789,0.62228392665058,0.6255055184361135,0.044061254182992046,6.915133151283186,13.133896995931064,0.3902130098144358,0.8033063853691145,0.0015576175892700723,0.03779997584235176,0.2830934209663364,0.8050562738150756,0.6879668739367613,0.040377159032481125
0.7,1.5350893490135384,1.587336705480092,2.167583184783007,1.0,0.0,1.2317037008281295,1.51057385446134,2.1498513695531867,1.0,0.0,0.013274766089828272,0.2813187291288122,0.6145911651939288,0.6260700450687846,0.04554159232882065,6.531467060809908,12.816032973807141,0.378935372367927,0.804861703840631,0.00170325318370067,0.03406980232617505,0.2807037784122682,0.7852507125103833,0.6870580507208671,0.04170465415559009
0.71,1.4845562347366565,1.5338374985901069,2.09644127675592,1.0,0.0,1.1870941979099503,1.4715074519093276,2.081464934004383,1.0,0.0,0.01290272651070879,0.27909300144300636,0.6071139229219042,0.626298648854131,0.04754753876121509,6.147801095122363,12.508924740593462,0.3678178977964056,0.8041915115863846,0.001854037099311003,0.030339632440000108,0.27842623636060737,0.7656783344317727,0.686844060893075,0.04329701851859099
0.72,1.434022790193758,1.4807040055296457,2.025670970072353,1.0,0.0,1.1424844141959607,1.4328936208498442,2.0132491680240987,1.0,0.0,0.01253068398549929,0.27696773075622544,0.5998602045946355,0.6270007969207301,0.048992580096549485,5.764132793228492,12.213382189882616,0.3568754926180235,0.8047706614126081,0.001998348374619462,0.02660943969810093,0.2762635550991166,0.7463573672233395,0.6867437653556693,0.04514792104680052
0.73,1.3834896533778827,1.4279777625804047,1.9553135622240212,1.0,0.0,1.0978748878731837,1.3947704361632607,1.945222886030628,1.0,0.0,0.012158644329124066,0.2749452760513808,0.592838307644797,0.6279748504025879,0.050165279281222,5.380466772686263,11.930268194729159,0.34612488718132844,0.8047022734651621,0.0022586456654036667,0.02287926652566871,0.2742184788735545,0.7273080797052003,0.6866923560591177,0.04669333498984262
0.74,1.3329565167482886,1.375705230718855,1.8854148385290361,1.0,0.0,1.0532653651088546,1.3571789998347907,1.8774062286977138,1.0,0.0,0.011786604531254671,0.27302790399927634,0.5860565242575205,0.6281052987686315,0.05111905237539023,4.9968007417433355,11.660486476075338,0.33558445353081795,0.8061595984497137,0.0022586456654036667,0.01914909447403157,0.27229364177682197,0.7085522600226348,0.685776829403181,0.04900538242832436
0.75,1.282423373948241,1.323940130905852,1.8160276915937874,1.0,0.0,1.0086558341037037,1.320164732941165,1.8098227563154172,1.0,0.0,0.011414564912743676,0.27121785146689725,0.5795232809560253,0.6286251669699511,0.05207946025539183,4.61313476507556,11.404983168103078,0.3252746219579585,0.8063038122429317,0.0023273295538375357,0.015418921537245316,0.2704916101365676,0.6901138330312024,0.6853371254603787,0.05037572078580211
0.76,1.2318902467605337,1.2727444257941756,1.7472131398532886,1.0,0.0,0.9640463151521963,1.283777576254329,1.7424996146560339,1.0,0.0,0.011042524720510715,0.26951727577327383,0.5732470745416718,0.627874622413736,0.05287221695002237,4.229468752924814,11.164738386853362,0.315218018554415,0.8059298374443024,0.002797220999577092,0.011688750391838712,0.2688148589380888,0.6720189347162148,0.6846680639353755,0.052096105928459056
0.77,1.1813570989401372,1.222189630603442,1.6790415273644717,1.0,0.0,0.9194367895300335,1.248072343580025,1.6754681764449648,1.0,0.0,0.010670485146463581,0.26792825743933046,0.5672364335253757,0.6270557677646837,0.0543373603898117,3.8458027379076896,10.940757449485233,0.3054396581742744,0.8055968191663238,0.003081260486998321,0.007958578491047072,0.2672657388420839,0.6542960499737581,0.6839276566074759,0.05342303528347648
0.78,1.1308239642318603,1.1723586705913542,1.6115944979673094,1.0,0.0,0.8748272596306583,1.213109272235358,1.6087648986968837,1.0,0.0,0.010298445696806385,0.26645280261284565,0.5614999056639927,0.6262097531474883,0.05558763789095585,3.4621366774488855,10.734058592235309,0.295967118770089,0.8054878266720576,0.0032743966751229325,0.004228406336848965,0.2658464872933614,0.6369762599812933,0.6828753814001759,0.05534986339461271
0.79,1.0802905183409546,1.1233475998557558,1.5449665159599564,1.0,0.0,0.8302174674334667,1.1789542003439992,1.5424319763572005,1.0,0.0,0.009926403547137003,0.26509278969469785,0.5560459163318376,0.626358463870045,0.057076214637233405,3.0784684210988615,10.54565696151708,0.2868306502625088,0.8052333287258614,0.0033164975890760686,0.0004982117416128564,0.2645591843012183,0.6200932196147677,0.6831272006069421,0.05739503467784574
0.8,1.029757390640404,1.0752691556868688,1.4792691610995168,1.0,0.0,0.7856079576984168,1.145679818940371,1.4765201833397197,1.0,0.0,0.009554362695648804,0.263850024029905,0.5508829330434557,0.62538281750016,0.05949988120774871,2.694802156157832,10.37655125911526,0.27806348635937184,0.8036749064210873,0.0035404952053774727,-0.0032319599157727584,0.2634057757389095,0.6036837721977742,0.68265890416888,0.05884178433013546
0.81,0.9792242364733715,1.0282538203010567,1.414631584284915,1.0,0.0,0.7409984153502072,1.1133648661542919,1.411088049642533,1.0,0.0,0.00918232347688,0.2627261628898062,0.5460191814340184,0.6248148050550422,0.06105874216868153,2.311136386571113,10.227697906370757,0.26970160409603955,0.8028409955001985,0.0036657532053424166,-0.006962131140009968,0.2623880306354297,0.5877875227256667,0.6812469951338769,0.06048837977629218
0.82,0.9286911012385806,0.982454227454573,1.3512058806912761,1.0,0.0,0.6963888945460656,1.0820952823165875,1.3462055435575528,1.0,0.0,0.008810283467331571,0.26172273583491346,0.5414627278084013,0.6238493473827068,0.06322356381903539,1.927470394297781,10.099992098272466,0.26178382572067244,0.8024772389990006,0.003992493559288322,-0.010692303633511752,0.2615075233062383,0.5724471762608533,0.6798153295517987,0.0619899450809755
0.83,0.8781579598075201,0.9380484956346713,1.2891710034352926,1.0,0.0,0.6517793703786039,1.051964290789013,1.281956090722371,1.0,0.0,0.008438244159511908,0.2608411326526723,0.5372213828056179,0.6233356961422574,0.06487974653016718,1.5438043683815612,9.994244652320772,0.2543516323889438,0.8016627232592629,0.0041891399186431855,-0.014422474965685732,0.26076564756056636,0.5577086202402771,0.6794617260181594,0.0627046860349819
0.84,0.8276248270727371,0.8952440490231954,1.228737569413722,1.0,0.0,0.6071698490381432,1.0230725267016225,1.2184398998672625,1.0,0.0,0.00806620413920992,0.26008259324553107,0.5333026680742442,0.6223393345278201,0.06673049227584502,1.1601383639880096,9.911158162056132,0.24744878112057694,0.8005577125534725,0.004314065278901191,-0.018152647510214583,0.26016358174309206,0.5436208108658203,0.6776166929671276,0.06450305347852786
0.85,0.7770913839556969,0.8542813692301573,1.1701533613943274,1.0,0.0,0.5625600583156772,0.9955277160769099,1.155777406523529,1.0,0.0,0.007694162154437601,0.25944819509740774,0.5297137241501848,0.62170559365221,0.0681862828314264,0.776470027525072,9.851306044623907,0.24112070496555466,0.7994348187283176,0.004610480241199074,-0.021882840772224587,0.2597023130720349,0.5302355412313046,0.675987873878928,0.06709445275459772
0.86,0.7265582448443787,0.815438608855481,1.1137110587864718,1.0,0.0,0.5179505268172314,0.9694449839232806,1.0941161764871106,1.0,0.0,0.007322122210509036,0.25893885345903184,0.5264613335522219,0.6216217535654647,0.07049288102308149,0.3928040030531883,9.815114129565622,0.23541383912687927,0.7976584216550614,0.004846246979294901,-0.025613013071008883,0.2593825805882815,0.5176074712556886,0.6747102128432068,0.06861546521127171
0.87,0.6760251037483724,0.7790326133027289,1.0597524953742423,1.0,0.0,0.4733410019550191,0.9449452904248689,1.0336349564120866,1.0,0.0,0.006950082629263301,0.2585553074603792,0.5235517594805997,0.6208480101948131,0.07287006775426677,0.0091380175417711,9.80284370529898,0.23037430572211093,0.7966636316791673,0.005206135996889095,-0.029343184693663538,0.25920491114895183,0.5057932437002993,0.6735345735605116,0.07068934011421531
0.88,0.6254919775352956,0.7454205427957519,1.0086763751016987,1.0,0.0,0.4287314978334614,0.92215477781839,0.9745534689589589,1.0,0.0,0.006578042423030526,0.25829811691854676,0.5209907254264818,0.6189717173096926,0.0743765852528484,-0.37452803477315166,9.814584737293197,0.22604675016813613,0.7962477063830359,0.005362274221513072,-0.03307335594828714,0.25916959910981585,0.4948511432362698,0.6723539293058475,0.07237046078112946
0.89,0.5749588228323529,0.7149964773862204,0.9609423613394947,1.0,0.0,0.38412195327928694,0.9012031392221171,0.9171422582037171,1.0,0.0,0.0062060024031620345,0.2581676542965459,0.5187834065306619,0.6173525897471033,0.07634594636068598,-0.7581939913939709,9.850251350448175,0.2224727195592912,0.7940366036056135,0.005514984945867259,-0.0368035278458542,0.2592767018191561,0.4848402288564677,0.671161631242531,0.07383990771982986
0.9,0.524425668328769,0.6881834101724408,0.9170725615309907,1.0,0.0,0.33951241465754145,0.8822213753420696,0.8617352179696443,0.999907238226174,0.0,0.005833963275106483,0.2581641203837916,0.5169343314411282,0.6161899275966971,0.07837981666696826,-1.1418600905294713,9.909585145380595,0.21968899413846316,0.7927955717835826,0.005670917388035042,-0.04053370080683087,0.2595260432036734,0.47581927646855177,0.6694407787367639,0.07607954117829925
0.91,0.4738922472009032,0.6654178788095083,0.8776464011866985,1.0,0.0,0.2949026344287201,0.8653390687944434,0.8087440856180741,0.999907238226174,0.0,0.005461921167601129,0.2582875163999302,0.5154473539718858,0.6147678420923666,0.08091798493964086,-1.525528340834969,9.992165032641944,0.21772587795227807,0.7916759070686498,0.005769380381490087,-0.044263894570961235,0.2599172128731678,0.4678455009920528,0.668782594133677,0.07741461391961792
0.92,0.4233591119243343,0.6471274670690194,0.8432878467071678,1.0,0.0,0.2502931160888602,0.8506814061532296,0.7586759378861478,0.999907238226174,0.0,0.005089880810316867,0.25853765948805096,0.5143256177293645,0.6141401583278014,0.08296331369440504,-1.9091943198958319,10.09741984191913,0.21660571270235068,0.7894919369130264,0.005964990911837541,-0.04799406671804182,0.260449575850938,0.46097336485125845,0.667627173095737,0.07932892578247852
0.93,0.372825967835064,0.6336996062247503,0.8146380592835466,1.0,0.0,0.20568358651077454,0.8383649704175753,0.7121471592673091,0.999907238226174,0.0,0.004717840936815145,0.2589141811832368,0.5135715200611707,0.6123313173128797,0.08476104805275703,-2.2928603673628034,10.224649538509457,0.21634157340987475,0.7873052509835646,0.006212840426876943,-0.05172423805923704,0.26112225998323524,0.45525268029274146,0.666554520961115,0.0811905475271157
0.94,0.3222928318680948,0.6254475879687746,0.7923165853611813,1.0,0.0,0.1610740707052446,0.828494187892297,0.6698956606162848,0.999907238226174,0.0,0.004345801275732704,0.25941653261599806,0.5131866665330906,0.6116516198309685,0.0868485175237402,-2.6765263507966597,10.373045940652755,0.2169365911330121,0.7850868840432462,0.006616534698191192,-0.055454409926257886,0.26193419094469866,0.45072731529183613,0.6650039831886051,0.08289459748396492
0.95,0.2717596966060455,0.6225772428784885,0.7768690838503102,1.0,0.0,0.11646454674276821,0.8211572488119552,0.6327788267405576,0.9998125818402417,0.0,0.003973761639674886,0.26004398928780137,0.5131719067489922,0.6102794831395569,0.08828377125525791,-3.0601923120637067,10.541714781140653,0.21838374004918792,0.782964112583599,0.006745620629121444,-0.05918458137671222,0.26288407649984336,0.44743352350675786,0.6638994523159828,0.08509643380503557
0.96,0.22122654218484802,0.625162714613358,0.7687100876216162,1.0,0.0,0.07185501009811282,0.816422476333273,0.6017475242939538,0.9998125818402417,0.0,0.003601721826713938,0.26079564125721827,0.5135272630931935,0.6086216747606675,0.09001366270491332,-3.4438584318716585,10.729700487373217,0.2206662579720617,0.7813380820141834,0.007132726927170164,-0.06291475418856542,0.26397042342035115,0.44539863723682815,0.6620423640612286,0.08634711634663536
0.97,0.17069310466262505,0.633137220242209,0.7680719101508954,1.0,0.0,0.027245218025337352,0.8143352573427101,0.57778301518455,0.9996133703120649,0.0,0.003229679481443093,0.26167042782614164,0.5142519693751383,0.6075069351216872,0.09206495224428757,-3.827526690520288,10.936007719693842,0.22375860102534226,0.7793149876690073,0.007763762689714523,-0.06664494785213507,0.26519157038854324,0.4446399391155058,0.6601503657386308,0.08850131509619237
0.98,0.12015996935872082,0.6463012259724182,0.7749731504788867,1.0,0.0,-0.01736430179400947,0.8149159580068056,0.5617906876119929,0.9995187139261326,0.0,0.002857639419952511,0.26266710421368505,0.5153444605785854,0.6056443018586588,0.09411371755078606,-4.2111927232570805,11.159618543000738,0.2276277320145754,0.7773267583582769,0.007989652862815768,-0.07037512093646373,0.2665456444895449,0.4451639638787899,0.6585553545967621,0.09100583076087058
0.99,0.06962683179058154,0.6643463342337059,0.789216017624311,1.0,0.0,-0.06197382604389782,0.818158872913768,0.5544605829538337,0.9995187139261326,0.0,0.0024855998520053606,0.2637842998898267,0.5168024188307645,0.6040137254601732,0.09622544934205553,-4.594858703579545,11.399515358130866,0.23223484325113533,0.7752106377177487,0.008670099828949172,-0.07410529150005615,0.268030641276962,0.44696618893217,0.6567574222001443,0.0930150805298361
1.0,0.01909369187838314,0.6868879724649706,0.8104135206797584,1.0,0.0,-0.10658335655290341,0.8240325843641846,0.5561353629979481,0.999412264171782,0.0,0.002113559943695245,0.2650204847107441,0.5186227471479526,0.6015780411197977,0.09821583274672684,-4.978524736689155,11.654692872291108,0.23753699977051554,0.7728445861884063,0.009339153133191757,-0.07783546375235298,0.2696443940209026,0.4500312574786388,0.6547399246690767,0.09608890612857514
1.01,-0.031439447586618346,0.7135000873134238,0.8380380892178528,1.0,0.0,-0.151192887284767,0.8324813967903122,0.5667351815491872,0.999412264171782,0.0,0.0017415201389230563,0.2663740050042076,0.5208016531902793,0.5993182142256522,0.10004984838134225,-5.362190766230507,11.92416996453495,0.24348880003478843,0.7709397896263519,0.009751543991721996,-0.0815656359559828,0.27138460756090566,0.4543336137622099,0.653162419531033,0.09819574289500392
1.02,-0.0819725864258335,0.7437458618915919,0.871478756030757,1.0,0.0,-0.19580241127430034,0.84342792693857,0.5857757116737957,0.9993067847941914,0.0,0.0013694805138465358,0.2678430833111771,0.5233346606105364,0.5972897201736552,0.10166962018923933,-5.7458567487567676,12.206999569927797,0.25004385698228015,0.7686116860530435,0.010161291462170962,-0.08529580663273412,0.2732488679687316,0.45983853022902,0.6513095588902241,0.10006934946504971
1.03,-0.13250572045710185,0.7772011855794823,0.9100946155356355,1.0,0.0,-0.24041193134241332,0.8567764491435207,0.6124702723360621,0.9991085436427747,0.0,0.0009974405602039,0.2694258243006552,0.5262166441473126,0.5951183542415126,0.10291331656046036,-6.129522788334793,12.502275871354218,0.25715604579196205,0.7653340122266139,0.010429622546585061,-0.08902597968131436,0.2752346513237915,0.46650344155588347,0.6485733669205378,0.1024355962552519
1.04,-0.1830388655833854,0.813470161327142,0.9532569571061011,1.0,0.0,-0.2850214664758221,0.8724167246567806,0.6458705174972755,0.9991085436427747,0.0,0.0006254001017974201,0.2711202438129722,0.5294419146654048,0.5927880744620904,0.10587433034068616,-6.5131887862759195,12.809137704989217,0.2647804718524062,0.7621842120379868,0.011038967660905077,-0.09275615186076608,0.2773393453111207,0.4742794404450808,0.647009745352515,0.10502744997745406
1.05,-0.23357199885875057,0.8521936351911553,1.0003774501404157,1.0,0.0,-0.32963097352119,0.8902279287270092,0.6849961722846662,0.9991085436427747,0.0,0.0002533605241899072,0.2729242572912191,0.5330042443279436,0.5904965147228841,0.10820533472408758,-6.896854802765192,13.126772847684325,0.27287420244787114,0.7596156151049688,0.011641929906516833,-0.09648632298258938,0.2795602737396423,0.48311287591695495,0.6452772028775554,0.10878679170034203
1.06,-0.28410514020569955,0.8930523656375636,1.050923817320891,0.9999700089945721,0.0,-0.3742405094306184,0.9100826760595605,0.7289259964614506,0.9991085436427747,0.0,-0.00011867892697429983,0.2748357100365736,0.5368969182302344,0.5876986439145079,0.1100236713624019,-7.280520836567831,13.454418302664921,0.2813967463222943,0.756671305224848,0.01271074716341276,-0.10021649527708111,0.28189468116887795,0.4929469150421733,0.6429933743565222,0.11056907753046064
1.07,-0.3346388844652621,0.9357672145825751,1.1044264419296819,0.9999700089945721,0.0,-0.4188505625742182,0.9318505667752092,0.7768459000366845,0.9990020938884241,0.0,-0.0004907233005167302,0.2768523956281519,0.5411128518866464,0.5836562970060207,0.11251606082936166,-7.664191375570426,13.791364672613602,0.2903104457042792,0.7537871438896002,0.013182745562728717,-0.10394671144692956,0.2843398031874123,0.5037230856545538,0.6404924221653455,0.11221316426640125
1.08,-0.3851720175836339,0.9800945843452691,1.1604753242008843,0.9999700089945721,0.0,-0.4634600816055054,0.9554003704702004,0.828062434017715,0.9990020938884241,0.0,-0.0008627629855687995,0.27897198882696167,0.5456444627843379,0.5816494360300851,0.11478922278106678,-8.047857451347824,14.136939111186658,0.299580188490432,0.7509533520943724,0.013512097241190828,-0.10767688282643254,0.2868927528686384,0.5153820405072841,0.6385404104285178,0.11487889437989426
1.09,-0.43570516798190034,1.0258258911257236,1.2187197498832631,0.9999700089945721,0.0,-0.5080696171079095,0.9806039302348697,0.8820020023645352,0.998790164756483,0.0,-0.00123480384599881,0.281192185037856,0.5504839997397273,0.5787858884206804,0.11684535578103003,-8.431523440729409,14.490528028204354,0.3091740426233709,0.7469631262217887,0.014067471113523997,-0.11140705539896552,0.2895507075654205,0.5278654111380733,0.6359885866963036,0.11664255317846876
1.1,-0.4862382864342144,1.0727815980608548,1.2788597362332814,0.9999700089945721,0.0,-0.5526791281945912,1.0073371243613778,0.938194978048076,0.9985919236050662,0.0,-0.0016068433481251983,0.2835106211446654,0.5556234197858495,0.5757795931287014,0.11897750939189673,-8.815189384590976,14.851558933391974,0.31906277040997955,0.742896444033991,0.014607728847790026,-0.11513722694221495,0.2923107985054191,0.5411161413991876,0.6336306907079836,0.11847074082213951
1.11,-0.5367714385089125,1.1208078436508246,1.3406402583631045,0.9999700089945721,0.0,-0.5972886690640584,1.0354815106349085,0.9962601932265811,0.9985919236050662,0.0,-0.001978882662134629,0.285924907345864,0.5610544796091618,0.5730292918877683,0.12245692067346745,-9.198855471729871,15.219502568453663,0.32921981000366385,0.7405934417570127,0.015111498008798983,-0.11886739963182456,0.2951701648078532,0.5550792811158879,0.6318231828652887,0.12129731801178935
1.12,-0.5873045899934514,1.1697727825085413,1.4038447411462478,0.9999700089945721,0.0,-0.6418982071233525,1.0649251782139708,1.055888784796834,0.9984972672191339,0.0,-0.002350922487866689,0.28843263300101885,0.5667687913616871,0.5705793667608902,0.12463003495004805,-9.582521419925609,15.593869185208463,0.339621079200025,0.7361311501455866,0.015405817437323274,-0.12259757078429248,0.2981259462043515,0.5697024426154651,0.6295962493861109,0.12349837011599961
1.13,-0.6378377253290414,1.2195633329797,1.4682892335203936,0.9999700089945721,0.0,-0.6865077169184189,1.095563368934822,1.1168303570424347,0.9983098490593754,0.0,-0.002722962306160156,0.29103138914428034,0.5727578812260186,0.567964019220397,0.12656480813800106,-9.966187486956445,15.974207635288355,0.3502448306052403,0.7326121332592404,0.016089856807320863,-0.1263277427773142,0.30117530693051203,0.5849361379577896,0.6271772514211295,0.12621478371605344
1.14,-0.6883708638425413,1.2700824097013517,1.533817507858227,0.9999700089945721,2.9991005427929175e-05,-0.7311172379594624,1.1272987345616152,1.1788813573822052,0.998215192673443,0.0,-0.00309500227452223,0.2937187542660757,0.5790132224354345,0.5652663445801027,0.1297915078712208,-10.349853472576603,16.360101080326167,0.36107141891269323,0.7274540749618197,0.016449804689339084,-0.13005791440630682,0.3043154323034553,0.6007339152496497,0.6246930436250538,0.12874970049013063
1.15,-0.7389040021706627,1.321246447917715,1.600296416344167,0.9999700089945721,2.9991005427929175e-05,-0.7757267681871836,1.1600412008039842,1.2418754491132191,0.9981097132958525,0.0,-0.003467042132369741,0.29649232193194164,0.5855262823204812,0.5627972790056002,0.1314730048481754,-10.733519507880064,16.75116577903098,0.37208314009910126,0.7229660549969094,0.017449581950000563,-0.13378808676412018,0.30754354214888663,0.6170524501781608,0.6226547037246115,0.13112097166200254
1.16,-0.7894371355765363,1.372983356786145,1.6676122982607993,0.9999700089945721,2.9991005427929175e-05,-0.8203362917837584,1.1937078799891456,1.3056761771835808,0.9977506944979224,0.0,-0.003839081926431207,0.29934969428136005,0.5922885560857042,0.5600025758109322,0.13441878174539226,-11.117185509175995,17.147047836515487,0.38326403648352375,0.7191475105449087,0.018216140420935226,-0.13751825809851606,0.31085690034966995,0.6338515305186414,0.6209775395234339,0.13290118866522227
1.17,-0.8399702794524717,1.4252307395911519,1.7356677363272208,0.9999700089945721,2.9991005427929175e-05,-0.8649458141675641,1.2282228254499414,1.370170836432119,0.9975792084894601,0.00010644975435061577,-0.004211121703463862,0.30228849528046,0.5992916053662993,0.5574311334696037,0.138009499199098,-11.500851521590489,17.54742125082963,0.39459972909433655,0.7150983664750307,0.018826439522154688,-0.14124843010573968,0.31425280314593884,0.6510939581686966,0.6181727970357056,0.13481318060192984
1.18,-0.8905034191361911,1.4779344631001181,1.8043790868208318,0.9999700089945721,2.9991005427929175e-05,-0.9095553394717232,1.26351649665457,1.435265885319326,0.9972155188832956,0.0002128995087012282,-0.004583161033213766,0.305306372384206,0.6065270981439378,0.5558115969804344,0.14134333225179055,-11.884517568642966,17.951985489778462,0.40607725255234195,0.7108486126607979,0.019543274990735146,-0.14497860157245804,0.31772860344312287,0.6687454296688404,0.616019008225533,0.13669313028460814
1.19,-0.9410371572818522,1.5310480242206488,1.8736749829967754,0.9999700089945721,2.9991005427929175e-05,-0.9541653966763414,1.299525858715293,1.5008840136953097,0.9971208624973634,0.0002128995087012282,-0.004955205689739717,0.30840104572800286,0.6139869065998388,0.5530414314576371,0.14331041474606795,-12.268188142989102,18.36046848395695,0.4176850572306643,0.7067057465234758,0.020238069619615294,-0.14870881861499588,0.3212817583246971,0.6867746405106009,0.6143419937552946,0.13971583322192693
1.2,-0.9915702949158729,1.5845290456647012,1.943491358720419,0.9999700089945721,2.9991005427929175e-05,-0.9987748764712842,1.3361922216157676,1.5669579412379517,0.9970640463333807,0.00030755589463351277,-0.0053272448610886085,0.31157015007439887,0.62166276806804,0.5501707932626718,0.14534632586682922,-12.651853965554826,18.772604801252825,0.4294123075028002,0.701826515615799,0.02070841847897668,-0.15243898636658013,0.3249096414349036,0.7051521902909546,0.6125399046084202,0.1427031061647726
1.21,-1.0421034383360883,1.6383420635646009,2.013774804195476,0.9999163216030865,2.9991005427929175e-05,-1.0433844488325237,1.3734634624265705,1.6334332849646311,0.9969764559271949,0.00030755589463351277,-0.005699286176164318,0.3148114736313193,0.6295468802607931,0.546613850336905,0.14807672578264555,-13.035520199364942,19.188164029123488,0.4412496179184983,0.6970443469584584,0.021629326180126713,-0.15616916184153826,0.3286098238061884,0.7238517628261766,0.6104104486063333,0.14557540391229543
1.22,-1.092636580859824,1.6924554358392037,2.0844781059692483,0.9999163216030865,2.9991005427929175e-05,-1.087993974098054,1.4112915440037224,1.700262734702871,0.9967060388859779,0.0004140056489841294,-0.006071325354998227,0.3181228103739138,0.6376315101024954,0.5436491319500446,0.15158777243146174,-13.419186162152796,19.6069280562274,0.45318835199732066,0.6914491583905172,0.022229710391118707,-0.15989933431013698,0.33237988272247515,0.7428490226080313,0.6080258525206549,0.14822848838644448
1.23,-1.1431697150064664,1.7468412463041565,2.155559903339194,0.9999163216030865,2.9991005427929175e-05,-1.1326035021041507,1.4496329173920217,1.7674061891555437,0.996428565089116,0.0005067674228103015,-0.006443364874806585,0.32150199719870637,0.6459091333451095,0.5408813969485393,0.15441995128180733,-13.80285219026968,20.028696051678594,0.46522070431088375,0.6853243979318856,0.023485824176372877,-0.16362950611870622,0.33621747223878057,0.7621217119586404,0.6060477693710439,0.15074403124198438
1.24,-1.1937028670189913,1.801474820775143,2.2269840027126366,0.9999163216030865,2.9991005427929175e-05,-1.1772130346049172,1.488447927274493,1.8348291986813696,0.9962673539709196,0.0006014238087425903,-0.006815404724836827,0.3249469150061869,0.6543724195201226,0.5376389222348573,0.15665821796103532,-14.186518276299756,20.453282333757816,0.4773396013094719,0.6802680266860477,0.024842304533319964,-0.16735967845159921,0.34012030694203327,0.7816494591985015,0.6031765123549337,0.15314654866344016
1.25,-1.2442359926949529,1.8563342853540787,2.2987184477517526,0.9999163216030865,2.9991005427929175e-05,-1.2218225481064529,1.5277004300308648,1.9025020040213334,0.9961726975849873,0.0007069031863331438,-0.00718744489984528,0.3284554976716274,0.663014259834922,0.5350199480331052,0.15908749905478842,-14.57018424581453,20.88051459374882,0.4895386059137123,0.675852118313937,0.02622487669204604,-0.17108984893129447,0.34408616475612863,0.8014136279959272,0.6007570431271527,0.1550285514479589
1.26,-1.2947691339581564,1.911400183901015,2.3707351031335304,0.9999163216030865,2.9991005427929175e-05,-1.2664320725644103,1.5673576016339779,1.9703988871855402,0.9960191178356261,0.0010115940921004763,-0.00755948420474015,0.3320257267981694,0.671827768989207,0.5328035230255359,0.16225940209840048,-14.953850185163867,21.310233967267237,0.5018118827780145,0.6718901880086521,0.02745597784443358,-0.17482002188274492,0.34811288908132654,0.8213971410905248,0.5985565382577986,0.1577115566318949
1.27,-1.3453022711489189,1.966655177478759,2.443008975559291,0.9998741290955911,2.9991005427929175e-05,-1.3110416016928317,1.6073894623438427,2.0384974779765503,0.9959136384580356,0.0010115940921004763,-0.007931524274665397,0.33565563311159197,0.6808062729203654,0.5306116008094756,0.1647172584687868,-15.337516256680251,21.742293096715873,0.5141541128617145,0.6663900577869732,0.028414618199818983,-0.17855019383276427,0.3521984011247124,0.8415843775073502,0.5959806793218195,0.15982715350792076
1.28,-1.3958354104552844,2.0220837707945445,2.515517943056283,0.9998741290955911,8.367839691350801e-05,-1.3556511338141608,1.6477687275241957,2.106778197201959,0.9953313440622747,0.0010115940921004763,-0.008303564014675946,0.33934330363288734,0.6899433399135327,0.5268329478258504,0.16712202100873097,-15.721182256796322,22.176554838665663,0.5265604454933334,0.6595919791815071,0.029734607025606895,-0.18228036644281115,0.35634067251298895,0.861961025711105,0.5935221967686968,0.16203706527857115
1.29,-1.446368553044687,2.077672066474769,2.5882422294782654,0.9998741290955911,8.367839691350801e-05,-1.400260648742599,1.68847044839065,2.175223871894765,0.9949470133672653,0.0011170734696910258,-0.008675603734441461,0.3430868751285077,0.6992327411802589,0.5231947442181049,0.17071851802197943,-16.104848275950282,22.61289269786594,0.539026454422985,0.6548125049047566,0.03091801109427237,-0.1860105375484908,0.3605377432869022,0.8825139619434091,0.5913948854403691,0.1647052168711183
1.3,-1.49690167375562,2.1334075748977743,2.661164138693495,0.9998741290955911,8.367839691350801e-05,-1.4448701583625867,1.7294718666850435,2.243819440154577,0.9945025011409672,0.0011170734696910258,-0.009047643608155648,0.34688453883211184,0.7086684992896978,0.5206220389385238,0.172772219355165,-16.488514245151514,23.051188487646247,0.5515480934829889,0.6493228931876135,0.031805523641970465,-0.18974070837282817,0.3647877310124332,0.903231152034691,0.5889477772203674,0.16834732448404816
1.31,-1.5474348273916734,2.189279069321409,2.734267923740039,0.9998741290955911,8.367839691350801e-05,-1.4894797024329953,1.7707521905494894,2.3125515676501887,0.9936447685196924,0.0011170734696910258,-0.009419684194781118,0.3507345360017176,0.7182448362561188,0.5184223207457638,0.1768133560643579,-16.872180301797755,23.491332938450803,0.564121662451679,0.6432579239445169,0.03327167880131141,-0.1934708814345051,0.36908880004346317,0.9241015507119893,0.5863372746225998,0.17073701586542064
1.32,-1.5979685665416126,2.2452770489430844,2.8075402033742116,0.9998741290955911,8.367839691350801e-05,-1.5340897512246334,1.8122928271611822,2.381409240889926,0.993031033956979,0.0011596541348496137,-0.009791728128639965,0.35463521016516897,0.7279563249428309,0.5156918550407094,0.1815092667973988,-17.25585089077608,23.93322891747794,0.5767439099534662,0.6371159570663557,0.034598682727089755,-0.19720109784803297,0.3734392405804523,0.9451152645412154,0.5842684468676997,0.17401038165610358
1.33,-1.648501707790651,2.301391001308206,2.8809664905959615,0.9998741290955911,8.367839691350801e-05,-1.5786992801967108,1.8540753328457307,2.4503802683167453,0.9926256817539459,0.0013706128900307151,-0.010163767684981681,0.3585848117243896,0.7377973986316748,0.5128165357932152,0.18559619791651355,-17.639516903986525,24.37677116885232,0.5894114185712451,0.6311913391251801,0.03647059195932758,-0.2009312694269479,0.3778372471869721,0.9662624510119446,0.5809726578508276,0.17655222865593553
1.34,-1.6990348497147776,2.3576132741429046,2.954536089574749,0.9998741290955911,8.367839691350801e-05,-1.6233088075713422,1.8960841759040057,2.519456140785178,0.9915402915870201,0.0014633746638568837,-0.010535807545954833,0.36258179625967857,0.7477630608242399,0.5112474371205253,0.18791576453429165,-18.023182923394277,24.821876455878783,0.602121475415904,0.6253047529998712,0.038101862745236095,-0.20466144208394946,0.38228122823114735,0.9875347751204546,0.5786864207271227,0.17966941995960642
1.35,-1.7495679842070313,2.413936277054245,3.028238530457603,0.9998741290955911,8.367839691350801e-05,-1.6679183389751853,1.9383046486263846,2.5886284925137635,0.9908633828280186,0.0015688540414474366,-0.010907847544135922,0.3666246055778369,0.7578483865477035,0.5079135942314219,0.19085136446763118,-18.406848914048606,25.26846206776449,0.6148714379529339,0.6191508546791531,0.039504100856063144,-0.2083916134864309,0.38676958970241254,1.0089243119271782,0.5756530023681398,0.1825743125675049
1.36,-1.8001011281275512,2.4703531363451234,3.102064360936074,0.9998741290955911,0.00012587090440888696,-1.7125278716635537,1.9807232156790613,2.6578897232625533,0.9900516816004946,0.0018386912397515638,-0.01127988700652734,0.37071174404856155,0.7680486675233824,0.506151339175448,0.19424824597885806,-18.790515011635776,25.716451029468782,0.6276588789868407,0.6142172520734982,0.04096246969927379,-0.21212178535488319,0.39130081404905065,1.030423771068006,0.5727076733650949,0.18543771348373017
1.37,-1.8506342720988522,2.5268575658650425,3.176004962641199,0.9998142456160005,0.00012587090440888696,-1.7571373804041703,2.0233273842241983,2.727233051441855,0.9892140266461641,0.002049649994932666,-0.011651927200086577,0.3748417604704879,0.7783593776471578,0.5034824215226762,0.19680934960519203,-19.17418092814751,26.165770963502844,0.6404815455253767,0.6072827804172194,0.043237043532884524,-0.21585195735539972,0.3958734311038768,1.0520264169098308,0.5698978199252764,0.18920923751895738
1.38,-1.9011674071923417,2.583443813591977,3.2500525286987583,0.9998142456160005,0.00012587090440888696,-1.8017469091236393,2.066105735480412,2.7966524316800374,0.9884544302670983,0.002142411768758838,-0.012023967048165407,0.3790132507913712,0.7887761937815368,0.5012565513278815,0.19917124078511175,-19.557846963298605,26.61635481224328,0.65333737412278,0.6000166663348847,0.04485899484725387,-0.2195821280649051,0.4004860202257275,1.0737260091777583,0.5660999835573907,0.1933012124678199
1.39,-1.9517005488660162,2.640106618711652,3.3241998950014184,0.99970876623841,0.00012587090440888696,-1.8463564322051258,2.109047621332465,2.86614230194156,0.9868726886228169,0.002247891146349391,-0.01239600714985541,0.38322486330079386,0.7992949586100428,0.49991129477061375,0.2027597940115091,-19.94151298518332,27.0681392118644,0.6662244366915412,0.5934709669944057,0.04661555197901447,-0.22331230093818752,0.4051372085869229,1.095516798361631,0.5622443092514345,0.19817576886245455
1.4,-2.002233678876958,2.6968411702517834,3.398440516275507,0.99970876623841,0.00012587090440888696,-1.8909659304007025,2.1521432511669607,2.935697637630081,0.9857178649963786,0.0023425475322816757,-0.01276804605120801,0.3874752914830567,0.8099117072682439,0.49795672200779073,0.20723887588834217,-20.325178905009825,27.521065115058345,0.679140959890158,0.5863804423238612,0.048075127144088584,-0.22704247085336593,0.40982568871071184,1.1173934419731477,0.5591754028921854,0.20112895043597825
1.41,-2.0527668268899406,2.753642996730042,3.472768459896757,0.99970876623841,0.00012587090440888696,-1.9355754835248198,2.1953836258631054,3.005313986004387,0.9837340299752552,0.002437203918213961,-0.013140086741479425,0.3917632699127791,0.8206226412174412,0.49574860522779546,0.21012653640368692,-20.70884503060823,27.975077211080034,0.6920852932380939,0.5792307574795931,0.05016341533840981,-0.23077264386395888,0.4145501980295329,1.1393509999088716,0.5559975051438594,0.20458194361037912
1.42,-2.1032999651077335,2.810508048064118,3.5471782103362974,0.999439008427015,0.00012587090440888696,-1.9801850057485342,2.238760309516546,3.0749870993829127,0.9819064272683635,0.002437203918213961,-0.013512126808495246,0.3960875794199515,0.8314241096063619,0.49295460490492526,0.21392338127994814,-21.092511033252315,28.430123253748476,0.7050559029565204,0.5714715142096937,0.05252319086480192,-0.23450281649720123,0.4193095154007218,1.1613848787459728,0.5526470017638971,0.20804446009547614
1.43,-2.153833102327745,2.867432561987419,3.6216647037585856,0.9992744862249269,0.00012587090440888696,-2.024794535348115,2.2822655436070156,3.1447132604576855,0.9796386288449098,0.0027860649505580333,-0.01388416652890048,0.4004470392101616,0.8423126344929741,0.4898534435029475,0.2169384981205866,-21.47617704474171,28.886154462509246,0.7180513685242635,0.5630968573290918,0.05473836901856531,-0.2382329879167747,0.42410246945896934,1.1834908183833086,0.5488507276066835,0.21100961876613875
1.44,-2.204366836721547,2.9244137435303323,3.696224209024142,0.9992744862249269,0.00012587090440888696,-2.069404586286114,2.3258926187172926,3.2144898459697115,0.9770704071026799,0.003357104282946545,-0.01425621052267377,0.4048405759015824,0.8532850124885567,0.48806282903401066,0.22094210373431017,-21.85984761407625,29.34313035624937,0.7310705164476299,0.5551253002930336,0.056730237510302345,-0.24196320452756656,0.42892798683007216,1.2056651161948457,0.545019913124272,0.21365370230982106
1.45,-2.2548999882164833,2.981447036870567,3.7708507105524762,0.9991700912707129,0.00012587090440888696,-2.1140141235825487,2.3696338386988627,3.284312025479088,0.9746834539172463,0.003726046889495637,-0.014628250197114029,0.40926698004865386,0.864337800019334,0.4861409062581324,0.22487947260089855,-22.243513669000905,29.800996920514812,0.7441118060331406,0.547927720996341,0.0599133624075263,-0.24569337681691966,0.43378487384485326,1.227903561320506,0.541207450113797,0.2168674332795863
1.46,-2.3054331236001224,3.0385301087959493,3.8455410233879017,0.9991700912707129,0.00012587090440888696,-2.158623639012816,2.413483420592239,3.354177661868076,0.9719134754511467,0.004086299100576527,-0.015000289861837752,0.4137252496345981,0.8754680688339561,0.4841344893210079,0.22690109984323234,-22.627179677958893,30.259718800986015,0.7571742326723282,0.540509332442431,0.06197369842068912,-0.24942354780713077,0.43867213972511,1.250202964773079,0.5379950209224124,0.2202652559962718
1.47,-2.35596625841706,3.0956602324061744,3.9202916152993166,0.9989792554984348,0.00018575438399943633,-2.2032331701786845,2.4574356373903266,3.424084211705854,0.9682954550319784,0.004614588683772494,-0.015372330157723033,0.4182143655958408,0.8866729074612639,0.4824297378280405,0.23009347588069068,-23.0108457007623,30.71925767740857,0.7702567287203453,0.5333047135323099,0.06373850897610861,-0.2531537200743969,0.4435887825824749,1.2725601368440553,0.5349306418597601,0.2236591327578092
1.48,-2.4064994053231565,3.1528348616744952,3.995099077169022,0.9989792554984348,0.00029123376158998943,-2.2478426926906363,2.5014850230635286,3.494029131516394,0.966096287090591,0.004960752174218341,-0.01574436940483681,0.42273334667115897,0.8979495175194697,0.4799526343098004,0.23277163968572467,-23.394511698467372,31.179577403330324,0.7833582819534833,0.5260934717018217,0.06648484966306788,-0.2568838926043728,0.448533833802119,1.2949720836107814,0.5312151705790682,0.22641561621675024
1.49,-2.4570325378545137,3.2100515987399882,4.069960250434294,0.9989792554984348,0.00029123376158998943,-2.2924522166734373,2.5456265488700702,3.5640102255678947,0.9629713495445126,0.005612059229829731,-0.016116409653552093,0.4272812410747283,0.909295231824723,0.47746028114633315,0.2363211277184754,-23.778177716370166,31.640644132756314,0.7964779578978095,0.5163989564782551,0.06917552384234114,-0.2606140649226276,0.45350636579101306,1.317436005450063,0.5275158588925621,0.2299200888393836
1.5,-2.5075656814298233,3.2673082268380433,4.144872235053526,0.9989159429399493,0.00039562871580389264,-2.337061744841776,2.5898555150701386,3.6340253285555404,0.9598488734138959,0.006046231188958805,-0.01648845033658097,0.4318571427062624,0.9207075006005768,0.47367880610969726,0.24068575721016314,-24.16184370454115,32.10242541185569,0.8096148724767119,0.5087664131731136,0.07148263054520614,-0.26434423632845355,0.45850548385317047,1.3399492975176173,0.523978859597162,0.2341392684222161
